formulaRank,molecularFormula,adduct,precursorFormula,NPC#pathway,NPC#pathway Probability,NPC#superclass,NPC#superclass Probability,NPC#class,NPC#class Probability,ClassyFire#superclass,ClassyFire#superclass probability,ClassyFire#class,ClassyFire#class Probability,ClassyFire#subclass,ClassyFire#subclass Probability,ClassyFire#level 5,ClassyFire#level 5 Probability,ClassyFire#most specific class,ClassyFire#most specific class Probability,ClassyFire#all classifications,ionMass,retentionTimeInSeconds,retentionTimeInMinutes,formulaId,alignedFeatureId,mappingFeatureId,overallFeatureQuality
5,C20H22O14,[M + CH4O + H]+,C21H27O15+,Shikimates and Phenylpropanoids,0.979,Flavonoids,0.849,Flavonols,0.382,Organic oxygen compounds,1.000,Organooxygen compounds,1.000,Carbohydrates and carbohydrate conjugates,0.995,Glycosyl compounds,0.966,Phenolic glycosides,0.552,Organic compounds; Organoheterocyclic compounds; Carbohydrates and carbohydrate conjugates; Pyrans; Benzopyrans; Alcohols and polyols; Phenols; Chromones; Ethers; Phenylpropanoids and polyketides; Organic acids and derivatives; Primary alcohols; Organooxygen compounds; Pyranones and derivatives; Disaccharides; Acetals; Secondary alcohols; Oxanes; Glycosyl compounds; O-glycosyl compounds; Benzene and substituted derivatives; Polyols; Benzenoids; 1-benzopyrans; Organic oxides; Oxacyclic compounds; Heteroaromatic compounds; Hydrocarbon derivatives; Phenolic glycosides; Organic oxygen compounds; 1-hydroxy-2-unsubstituted benzenoids; 1-hydroxy-4-unsubstituted benzenoids; Chemical entities,519.134,196,3.261,658893410041082288,658892999104139802,2089,
7,C31H36O18,[M + C2H3N + H]+,C33H40NO18+,Shikimates and Phenylpropanoids,0.998,Flavonoids,0.993,Flavonols,0.650,Phenylpropanoids and polyketides,0.985,Flavonoids,0.955,Flavonoid glycosides,0.968,Flavonoid O-glycosides,0.968,Flavonoid-3-O-glycosides,0.702,Organic compounds; Organoheterocyclic compounds; Carbohydrates and carbohydrate conjugates; Pyrans; Benzopyrans; Alkyl aryl ethers; Alcohols and polyols; Phenols; Anisoles; Chromones; Methoxyphenols; Ethers; Phenylpropanoids and polyketides; Organic acids and derivatives; Carboxylic acids and derivatives; Primary alcohols; Organooxygen compounds; Flavonoids; Pyranones and derivatives; Carboxylic acid derivatives; Flavonoid glycosides; Carboxylic acid esters; Disaccharides; Flavonoid O-glycosides; Flavones; Acetals; Secondary alcohols; Carbonyl compounds; Oxanes; Glycosyl compounds; O-glycosyl compounds; Benzene and substituted derivatives; Polyols; Phenol ethers; Benzenoids; O-methylated flavonoids; 3'-O-methylated flavonoids; 4'-hydroxyflavonoids; Hydroxyflavonoids; 5-hydroxyflavonoids; 1-benzopyrans; Flavonoid-3-O-glycosides; Vinylogous acids; Organic oxides; Methoxybenzenes; Oxacyclic compounds; Heteroaromatic compounds; Hydrocarbon derivatives; Phenolic glycosides; Organic oxygen compounds; 1-hydroxy-2-unsubstituted benzenoids; 1-hydroxy-4-unsubstituted benzenoids; Phenoxy compounds; Chemical entities,738.224,254,4.237,658893414398964549,658892999280300575,2465,
4,C27H30O17,[M + H2O + H]+,C27H33O18+,Shikimates and Phenylpropanoids,1.000,Flavonoids,1.000,Flavonols,0.989,Phenylpropanoids and polyketides,0.995,Flavonoids,0.997,Flavonoid glycosides,0.993,Flavonoid O-glycosides,0.993,Flavonoid-3-O-glycosides,0.966,Organic compounds; Organoheterocyclic compounds; Carbohydrates and carbohydrate conjugates; Pyrans; Benzopyrans; Alcohols and polyols; Phenols; Catechols; Chromones; Ethers; Phenylpropanoids and polyketides; Organic acids and derivatives; Organooxygen compounds; Flavonoids; Pyranones and derivatives; Flavonoid glycosides; Benzenediols; Disaccharides; Flavonoid O-glycosides; Flavones; Acetals; Secondary alcohols; Oxanes; Glycosyl compounds; O-glycosyl compounds; Benzene and substituted derivatives; Polyols; Benzenoids; 3'-hydroxyflavonoids; 4'-hydroxyflavonoids; Hydroxyflavonoids; 5-hydroxyflavonoids; 7-hydroxyflavonoids; 1-benzopyrans; Flavonoid-3-O-glycosides; Vinylogous acids; Organic oxides; Oxacyclic compounds; Heteroaromatic compounds; Hydrocarbon derivatives; Organic oxygen compounds; 1-hydroxy-2-unsubstituted benzenoids; 1-hydroxy-4-unsubstituted benzenoids; Chemical entities,645.166,260,4.325,658893382488695234,658892999347409444,2511,
1,C27H30O17,[M + H]+,C27H31O17+,Shikimates and Phenylpropanoids,1.000,Flavonoids,1.000,Flavonols,0.990,Phenylpropanoids and polyketides,0.996,Flavonoids,0.998,Flavonoid glycosides,0.996,Flavonoid O-glycosides,0.995,Flavonoid-3-O-glycosides,0.973,Organic compounds; Organoheterocyclic compounds; Carbohydrates and carbohydrate conjugates; Pyrans; Benzopyrans; Alcohols and polyols; Phenols; Catechols; Chromones; Ethers; Phenylpropanoids and polyketides; Organic acids and derivatives; Organooxygen compounds; Flavonoids; Pyranones and derivatives; Flavonoid glycosides; Benzenediols; Disaccharides; Flavonoid O-glycosides; Flavones; Acetals; Secondary alcohols; Oxanes; Glycosyl compounds; O-glycosyl compounds; Benzene and substituted derivatives; Polyols; Benzenoids; 3'-hydroxyflavonoids; 4'-hydroxyflavonoids; Hydroxyflavonoids; 5-hydroxyflavonoids; 7-hydroxyflavonoids; 1-benzopyrans; Flavonoid-3-O-glycosides; Vinylogous acids; Organic oxides; Oxacyclic compounds; Heteroaromatic compounds; Hydrocarbon derivatives; Organic oxygen compounds; 1-hydroxy-2-unsubstituted benzenoids; 1-hydroxy-4-unsubstituted benzenoids; Chemical entities,627.155,276,4.602,658893402004795198,658892999401935401,2642,
2,C27H30O17,[M - H2O + H]+,C27H29O16+,Shikimates and Phenylpropanoids,0.998,Flavonoids,0.999,Flavonols,0.995,Phenylpropanoids and polyketides,0.987,Flavonoids,0.995,Flavonoid glycosides,0.991,Flavonoid O-glycosides,0.992,Flavonoid-3-O-glycosides,0.978,Organic compounds; Organoheterocyclic compounds; Carbohydrates and carbohydrate conjugates; Pyrans; Benzopyrans; Alcohols and polyols; Phenols; Chromones; Ethers; Phenylpropanoids and polyketides; Organic acids and derivatives; Primary alcohols; Organooxygen compounds; Flavonoids; Pyrogallols and derivatives; Pyranones and derivatives; Flavonoid glycosides; Benzenetriols and derivatives; Disaccharides; Flavonoid O-glycosides; Flavones; Acetals; Secondary alcohols; Oxanes; Glycosyl compounds; O-glycosyl compounds; Benzene and substituted derivatives; Polyols; Benzenoids; 3'-hydroxyflavonoids; 4'-hydroxyflavonoids; Hydroxyflavonoids; 5-hydroxyflavonoids; 7-hydroxyflavonoids; 1-benzopyrans; Flavonoid-3-O-glycosides; Vinylogous acids; Organic oxides; Oxacyclic compounds; Heteroaromatic compounds; Hydrocarbon derivatives; Organic oxygen compounds; 1-hydroxy-2-unsubstituted benzenoids; 1-hydroxy-4-unsubstituted benzenoids; Chemical entities,609.145,291,4.855,658893696612712012,658892999469044270,2770,
1,C28H32O17,[M + H]+,C28H33O17+,Shikimates and Phenylpropanoids,1.000,Flavonoids,1.000,Flavonols,0.999,Phenylpropanoids and polyketides,0.999,Flavonoids,0.999,Flavonoid glycosides,0.997,Flavonoid O-glycosides,0.996,Flavonoid-3-O-glycosides,0.970,Organic compounds; Organoheterocyclic compounds; Carbohydrates and carbohydrate conjugates; Pyrans; Benzopyrans; Alkyl aryl ethers; Alcohols and polyols; Phenols; Anisoles; Chromones; Methoxyphenols; Ethers; Phenylpropanoids and polyketides; Organic acids and derivatives; Organooxygen compounds; Flavonoids; Pyranones and derivatives; Flavonoid glycosides; Disaccharides; Flavonoid O-glycosides; Flavones; Acetals; Secondary alcohols; Oxanes; Glycosyl compounds; O-glycosyl compounds; Benzene and substituted derivatives; Polyols; Phenol ethers; Benzenoids; O-methylated flavonoids; 3'-O-methylated flavonoids; 4'-hydroxyflavonoids; Hydroxyflavonoids; 5-hydroxyflavonoids; 7-hydroxyflavonoids; 1-benzopyrans; Flavonoid-3-O-glycosides; Vinylogous acids; Organic oxides; Methoxybenzenes; Oxacyclic compounds; Heteroaromatic compounds; Hydrocarbon derivatives; Organic oxygen compounds; 1-hydroxy-2-unsubstituted benzenoids; 1-hydroxy-4-unsubstituted benzenoids; Phenoxy compounds; Chemical entities,641.171,295,4.921,658893400654229059,658892999523570227,2807,
2,C27H30O17,[M - H2O + H]+,C27H29O16+,Shikimates and Phenylpropanoids,0.999,Flavonoids,0.999,Flavonols,0.997,Phenylpropanoids and polyketides,0.994,Flavonoids,0.995,Flavonoid glycosides,0.991,Flavonoid O-glycosides,0.991,Flavonoid-3-O-glycosides,0.971,Organic compounds; Organoheterocyclic compounds; Carbohydrates and carbohydrate conjugates; Pyrans; Benzopyrans; Alkyl aryl ethers; Alcohols and polyols; Phenols; Anisoles; Chromones; Ethers; Phenylpropanoids and polyketides; Organic acids and derivatives; Organooxygen compounds; Flavonoids; Pyrogallols and derivatives; Pyranones and derivatives; Flavonoid glycosides; Disaccharides; Flavonoid O-glycosides; Flavones; Acetals; Secondary alcohols; Oxanes; Glycosyl compounds; O-glycosyl compounds; Benzene and substituted derivatives; Polyols; Phenol ethers; Benzenoids; O-methylated flavonoids; 3'-hydroxyflavonoids; 4'-hydroxyflavonoids; Hydroxyflavonoids; 5-hydroxyflavonoids; 7-hydroxyflavonoids; 1-benzopyrans; Flavonoid-3-O-glycosides; Vinylogous acids; Organic oxides; Oxacyclic compounds; Heteroaromatic compounds; Hydrocarbon derivatives; Organic oxygen compounds; 1-hydroxy-2-unsubstituted benzenoids; 1-hydroxy-4-unsubstituted benzenoids; Chemical entities,609.145,301,5.011,658893814401351716,658892999594873400,2845,
1,C15H10O7,[M + H]+,C15H11O7+,Shikimates and Phenylpropanoids,0.999,Flavonoids,0.997,Flavonols,0.978,Phenylpropanoids and polyketides,0.985,Flavonoids,0.985,Flavones,0.970,Flavonols,0.932,Flavonols,0.932,Organic compounds; Organoheterocyclic compounds; Pyrans; Benzopyrans; Alcohols and polyols; Phenols; Chromones; Phenylpropanoids and polyketides; Organic acids and derivatives; Organooxygen compounds; Flavonoids; Pyranones and derivatives; Flavonols; Flavones; Benzene and substituted derivatives; Polyols; Benzenoids; 3-hydroxyflavonoids; 3'-hydroxyflavonoids; 4'-hydroxyflavonoids; Hydroxyflavonoids; 5-hydroxyflavonoids; 7-hydroxyflavonoids; 1-benzopyrans; Vinylogous acids; Organic oxides; Oxacyclic compounds; Heteroaromatic compounds; Hydrocarbon derivatives; Organic oxygen compounds; 1-hydroxy-2-unsubstituted benzenoids; 1-hydroxy-4-unsubstituted benzenoids; Chemical entities,303.050,310,5.167,658893375089941005,658892999653593661,2915,
1,C27H30O15,[M + H]+,C27H31O15+,Shikimates and Phenylpropanoids,1.000,Flavonoids,0.999,Flavonols,0.959,Phenylpropanoids and polyketides,0.998,Flavonoids,0.995,Flavonoid glycosides,0.994,Flavonoid O-glycosides,0.994,Flavonoid-3-O-glycosides,0.941,Organic compounds; Organoheterocyclic compounds; Carbohydrates and carbohydrate conjugates; Pyrans; Benzopyrans; Alcohols and polyols; Phenols; Chromones; Ethers; Phenylpropanoids and polyketides; Organic acids and derivatives; Primary alcohols; Organooxygen compounds; Flavonoids; Pyranones and derivatives; Flavonoid glycosides; Disaccharides; Flavonoid O-glycosides; Flavones; Acetals; Secondary alcohols; Oxanes; Glycosyl compounds; O-glycosyl compounds; Benzene and substituted derivatives; Polyols; Benzenoids; 4'-hydroxyflavonoids; Hydroxyflavonoids; 5-hydroxyflavonoids; 7-hydroxyflavonoids; 1-benzopyrans; Flavonoid-3-O-glycosides; Flavonoid-7-O-glycosides; Vinylogous acids; Organic oxides; Oxacyclic compounds; Heteroaromatic compounds; Hydrocarbon derivatives; Phenolic glycosides; Organic oxygen compounds; 1-hydroxy-2-unsubstituted benzenoids; 1-hydroxy-4-unsubstituted benzenoids; Chemical entities,595.165,310,5.167,658893380454457060,658892999699731010,2919,
2,C21H20O13,[M - H2O + H]+,C21H19O12+,Shikimates and Phenylpropanoids,0.991,Flavonoids,0.986,Flavonols,0.960,Phenylpropanoids and polyketides,0.941,Flavonoids,0.944,Flavonoid glycosides,0.931,Flavonoid O-glycosides,0.914,Flavonoid-3-O-glycosides,0.680,Organic compounds; Organoheterocyclic compounds; Carbohydrates and carbohydrate conjugates; Pyrans; Benzopyrans; Alcohols and polyols; Phenols; Chromones; Ethers; Phenylpropanoids and polyketides; Organic acids and derivatives; Primary alcohols; Organooxygen compounds; Flavonoids; Pyrogallols and derivatives; Pyranones and derivatives; Flavonoid glycosides; Benzenetriols and derivatives; Hexoses; Monosaccharides; Flavonoid O-glycosides; Flavones; Acetals; Secondary alcohols; Oxanes; Glycosyl compounds; O-glycosyl compounds; Benzene and substituted derivatives; Polyols; Benzenoids; 3'-hydroxyflavonoids; 4'-hydroxyflavonoids; Hydroxyflavonoids; 5-hydroxyflavonoids; 7-hydroxyflavonoids; 1-benzopyrans; Flavonoid-3-O-glycosides; Vinylogous acids; Organic oxides; Oxacyclic compounds; Heteroaromatic compounds; Hydrocarbon derivatives; Organic oxygen compounds; 1-hydroxy-2-unsubstituted benzenoids; 1-hydroxy-4-unsubstituted benzenoids; Chemical entities,463.087,314,5.233,658893557235989137,658892999750062663,2933,
2,C27H30O17,[M - H2O + H]+,C27H29O16+,Shikimates and Phenylpropanoids,1.000,Flavonoids,0.999,Flavonols,0.992,Phenylpropanoids and polyketides,0.989,Flavonoids,0.994,Flavonoid glycosides,0.991,Flavonoid O-glycosides,0.988,Flavonoid-3-O-glycosides,0.955,Organic compounds; Organoheterocyclic compounds; Carbohydrates and carbohydrate conjugates; Pyrans; Benzopyrans; Alcohols and polyols; Phenols; Chromones; Ethers; Phenylpropanoids and polyketides; Organic acids and derivatives; Organooxygen compounds; Flavonoids; Pyranones and derivatives; Flavonoid glycosides; Benzenediols; Disaccharides; Flavonoid O-glycosides; Flavones; Acetals; Secondary alcohols; Oxanes; Glycosyl compounds; O-glycosyl compounds; Benzene and substituted derivatives; Polyols; Benzenoids; 3'-hydroxyflavonoids; 4'-hydroxyflavonoids; Hydroxyflavonoids; 5-hydroxyflavonoids; 7-hydroxyflavonoids; 1-benzopyrans; Flavonoid-3-O-glycosides; Vinylogous acids; Organic oxides; Oxacyclic compounds; Heteroaromatic compounds; Hydrocarbon derivatives; Organic oxygen compounds; 1-hydroxy-2-unsubstituted benzenoids; 1-hydroxy-4-unsubstituted benzenoids; Chemical entities,609.145,314,5.233,658893687955668362,658892999812977228,2936,
1,C28H32O16,[M + H]+,C28H33O16+,Shikimates and Phenylpropanoids,1.000,Flavonoids,1.000,Flavonols,0.995,Phenylpropanoids and polyketides,0.999,Flavonoids,0.998,Flavonoid glycosides,0.996,Flavonoid O-glycosides,0.995,Flavonoid-3-O-glycosides,0.965,Organic compounds; Organoheterocyclic compounds; Carbohydrates and carbohydrate conjugates; Pyrans; Benzopyrans; Alkyl aryl ethers; Alcohols and polyols; Phenols; Anisoles; Chromones; Methoxyphenols; Ethers; Phenylpropanoids and polyketides; Organic acids and derivatives; Primary alcohols; Organooxygen compounds; Flavonoids; Pyranones and derivatives; Flavonoid glycosides; Disaccharides; Flavonoid O-glycosides; Flavones; Acetals; Secondary alcohols; Oxanes; Glycosyl compounds; O-glycosyl compounds; Benzene and substituted derivatives; Polyols; Phenol ethers; Benzenoids; O-methylated flavonoids; 3'-O-methylated flavonoids; 4'-hydroxyflavonoids; Hydroxyflavonoids; 5-hydroxyflavonoids; 7-hydroxyflavonoids; 1-benzopyrans; Flavonoid-3-O-glycosides; Vinylogous acids; Organic oxides; Methoxybenzenes; Oxacyclic compounds; Heteroaromatic compounds; Hydrocarbon derivatives; Organic oxygen compounds; 1-hydroxy-2-unsubstituted benzenoids; 1-hydroxy-4-unsubstituted benzenoids; Phenoxy compounds; Chemical entities,625.177,316,5.263,658893442857318003,658892999863308881,2945,
1,C15H10O7,[M + H]+,C15H11O7+,Shikimates and Phenylpropanoids,1.000,Flavonoids,0.998,Flavonols,0.985,Phenylpropanoids and polyketides,0.989,Flavonoids,0.991,Flavones,0.979,Flavonols,0.945,Flavonols,0.945,Organic compounds; Organoheterocyclic compounds; Pyrans; Benzopyrans; Alcohols and polyols; Phenols; Chromones; Phenylpropanoids and polyketides; Organic acids and derivatives; Organooxygen compounds; Flavonoids; Pyranones and derivatives; Flavonols; Flavones; Benzene and substituted derivatives; Polyols; Benzenoids; 3-hydroxyflavonoids; 3'-hydroxyflavonoids; 4'-hydroxyflavonoids; Hydroxyflavonoids; 5-hydroxyflavonoids; 7-hydroxyflavonoids; 1-benzopyrans; Vinylogous acids; Organic oxides; Oxacyclic compounds; Heteroaromatic compounds; Hydrocarbon derivatives; Organic oxygen compounds; 1-hydroxy-2-unsubstituted benzenoids; 1-hydroxy-4-unsubstituted benzenoids; Chemical entities,303.049,326,5.426,658893398062148886,658892999913640534,2997,
1,C21H20O11,[M + H]+,C21H21O11+,Shikimates and Phenylpropanoids,1.000,Flavonoids,1.000,Flavonols,0.997,Phenylpropanoids and polyketides,0.998,Flavonoids,0.999,Flavonoid glycosides,0.998,Flavonoid O-glycosides,0.998,Flavonoid-3-O-glycosides,0.936,Organic compounds; Organoheterocyclic compounds; Carbohydrates and carbohydrate conjugates; Pyrans; Benzopyrans; Alcohols and polyols; Phenols; Catechols; Chromones; Ethers; Phenylpropanoids and polyketides; Organic acids and derivatives; Organooxygen compounds; Flavonoids; Pyranones and derivatives; Flavonoid glycosides; Benzenediols; Hexoses; Monosaccharides; Flavonoid O-glycosides; Flavones; Acetals; Secondary alcohols; Oxanes; Glycosyl compounds; O-glycosyl compounds; Benzene and substituted derivatives; Polyols; Benzenoids; 3'-hydroxyflavonoids; 4'-hydroxyflavonoids; Hydroxyflavonoids; 5-hydroxyflavonoids; 7-hydroxyflavonoids; 1-benzopyrans; Flavonoid-3-O-glycosides; Vinylogous acids; Organic oxides; Oxacyclic compounds; Heteroaromatic compounds; Hydrocarbon derivatives; Organic oxygen compounds; 1-hydroxy-2-unsubstituted benzenoids; 1-hydroxy-4-unsubstituted benzenoids; Chemical entities,449.108,326,5.426,658893397428808722,658892999972360795,2998,
1,C21H20O12,[M + H]+,C21H21O12+,Shikimates and Phenylpropanoids,1.000,Flavonoids,0.999,Flavonols,0.997,Phenylpropanoids and polyketides,0.995,Flavonoids,0.997,Flavonoid glycosides,0.992,Flavonoid O-glycosides,0.991,Flavonoid-3-O-glycosides,0.689,Organic compounds; Organoheterocyclic compounds; Carbohydrates and carbohydrate conjugates; Pyrans; Benzopyrans; Alcohols and polyols; Phenols; Catechols; Chromones; Ethers; Phenylpropanoids and polyketides; Organic acids and derivatives; Primary alcohols; Organooxygen compounds; Flavonoids; Pyranones and derivatives; Flavonoid glycosides; Flavonols; Benzenediols; Hexoses; Monosaccharides; Flavonoid O-glycosides; Flavones; Acetals; Secondary alcohols; Oxanes; Glycosyl compounds; O-glycosyl compounds; Benzene and substituted derivatives; Polyols; Benzenoids; 3'-hydroxyflavonoids; 4'-hydroxyflavonoids; Hydroxyflavonoids; 5-hydroxyflavonoids; 7-hydroxyflavonoids; 1-benzopyrans; Flavonoid-3-O-glycosides; Vinylogous acids; Organic oxides; Oxacyclic compounds; Heteroaromatic compounds; Hydrocarbon derivatives; Organic oxygen compounds; 1-hydroxy-2-unsubstituted benzenoids; 1-hydroxy-4-unsubstituted benzenoids; Chemical entities,465.102,326,5.426,658893395138718372,658893000018498144,2999,
1,C27H30O16,[M + H]+,C27H31O16+,Shikimates and Phenylpropanoids,1.000,Flavonoids,1.000,Flavonols,0.989,Phenylpropanoids and polyketides,0.998,Flavonoids,0.999,Flavonoid glycosides,0.997,Flavonoid O-glycosides,0.997,Flavonoid-3-O-glycosides,0.976,Organic compounds; Organoheterocyclic compounds; Carbohydrates and carbohydrate conjugates; Pyrans; Benzopyrans; Alcohols and polyols; Phenols; Catechols; Chromones; Ethers; Phenylpropanoids and polyketides; Organic acids and derivatives; Organooxygen compounds; Flavonoids; Pyranones and derivatives; Flavonoid glycosides; Benzenediols; Disaccharides; Flavonoid O-glycosides; Flavones; Acetals; Secondary alcohols; Oxanes; Glycosyl compounds; O-glycosyl compounds; Benzene and substituted derivatives; Polyols; Benzenoids; 3'-hydroxyflavonoids; 4'-hydroxyflavonoids; Hydroxyflavonoids; 5-hydroxyflavonoids; 7-hydroxyflavonoids; 1-benzopyrans; Flavonoid-3-O-glycosides; Vinylogous acids; Organic oxides; Oxacyclic compounds; Heteroaromatic compounds; Hydrocarbon derivatives; Organic oxygen compounds; 1-hydroxy-2-unsubstituted benzenoids; 1-hydroxy-4-unsubstituted benzenoids; Chemical entities,611.160,326,5.426,658893382014738632,658893000068829797,3000,
1,C21H20O12,[M + H]+,C21H21O12+,Shikimates and Phenylpropanoids,1.000,Flavonoids,0.999,Flavonols,0.997,Phenylpropanoids and polyketides,0.995,Flavonoids,0.997,Flavonoid glycosides,0.992,Flavonoid O-glycosides,0.992,Flavonoid-3-O-glycosides,0.672,Organic compounds; Organoheterocyclic compounds; Carbohydrates and carbohydrate conjugates; Pyrans; Benzopyrans; Alcohols and polyols; Phenols; Catechols; Chromones; Ethers; Phenylpropanoids and polyketides; Organic acids and derivatives; Primary alcohols; Organooxygen compounds; Flavonoids; Pyranones and derivatives; Flavonoid glycosides; Flavonols; Benzenediols; Hexoses; Monosaccharides; Flavonoid O-glycosides; Flavones; Acetals; Secondary alcohols; Oxanes; Glycosyl compounds; O-glycosyl compounds; Benzene and substituted derivatives; Polyols; Benzenoids; 3-hydroxyflavonoids; 3'-hydroxyflavonoids; 4'-hydroxyflavonoids; Hydroxyflavonoids; 5-hydroxyflavonoids; 7-hydroxyflavonoids; 1-benzopyrans; Flavonoid-3-O-glycosides; Vinylogous acids; Organic oxides; Oxacyclic compounds; Heteroaromatic compounds; Hydrocarbon derivatives; Organic oxygen compounds; 1-hydroxy-2-unsubstituted benzenoids; 1-hydroxy-4-unsubstituted benzenoids; Chemical entities,465.103,343,5.720,658893383860233008,658893000127550058,3085,
1,C21H20O11,[M + H]+,C21H21O11+,Shikimates and Phenylpropanoids,1.000,Flavonoids,0.999,Flavonols,0.964,Phenylpropanoids and polyketides,0.998,Flavonoids,0.995,Flavonoid glycosides,0.994,Flavonoid O-glycosides,0.992,Flavonoid-3-O-glycosides,0.862,Organic compounds; Organoheterocyclic compounds; Carbohydrates and carbohydrate conjugates; Pyrans; Benzopyrans; Alcohols and polyols; Phenols; Chromones; Ethers; Phenylpropanoids and polyketides; Organic acids and derivatives; Primary alcohols; Organooxygen compounds; Flavonoids; Pyranones and derivatives; Flavonoid glycosides; Hexoses; Monosaccharides; Flavonoid O-glycosides; Flavones; Acetals; Secondary alcohols; Oxanes; Glycosyl compounds; O-glycosyl compounds; Benzene and substituted derivatives; Polyols; Benzenoids; 4'-hydroxyflavonoids; Hydroxyflavonoids; 5-hydroxyflavonoids; 7-hydroxyflavonoids; 1-benzopyrans; Flavonoid-3-O-glycosides; Vinylogous acids; Organic oxides; Oxacyclic compounds; Heteroaromatic compounds; Hydrocarbon derivatives; Organic oxygen compounds; 1-hydroxy-2-unsubstituted benzenoids; 1-hydroxy-4-unsubstituted benzenoids; Chemical entities,449.107,352,5.868,658893374947334542,658893000186270319,3119,
1,C27H30O15,[M + H]+,C27H31O15+,Shikimates and Phenylpropanoids,1.000,Flavonoids,0.997,Flavonols,0.950,Phenylpropanoids and polyketides,0.997,Flavonoids,0.990,Flavonoid glycosides,0.987,Flavonoid O-glycosides,0.986,Flavonoid-3-O-glycosides,0.914,Organic compounds; Organoheterocyclic compounds; Carbohydrates and carbohydrate conjugates; Pyrans; Benzopyrans; Alcohols and polyols; Phenols; Chromones; Ethers; Phenylpropanoids and polyketides; Organic acids and derivatives; Organooxygen compounds; Flavonoids; Pyranones and derivatives; Flavonoid glycosides; Disaccharides; Flavonoid O-glycosides; Flavones; Acetals; Secondary alcohols; Oxanes; Glycosyl compounds; O-glycosyl compounds; Benzene and substituted derivatives; Polyols; Benzenoids; 4'-hydroxyflavonoids; Hydroxyflavonoids; 5-hydroxyflavonoids; 7-hydroxyflavonoids; 1-benzopyrans; Flavonoid-3-O-glycosides; Vinylogous acids; Organic oxides; Oxacyclic compounds; Heteroaromatic compounds; Hydrocarbon derivatives; Organic oxygen compounds; 1-hydroxy-2-unsubstituted benzenoids; 1-hydroxy-4-unsubstituted benzenoids; Chemical entities,595.165,352,5.868,658893379519126994,658893000232407668,3120,
6,C24H22O13,[M + C3H8O + H]+,C27H31O14+,Shikimates and Phenylpropanoids,0.995,Phenolic acids (C6-C1),0.990,Gallotannins,0.994,Phenylpropanoids and polyketides,0.942,Tannins,0.909,,,,,Tannins,0.909,"Organic compounds; Organoheterocyclic compounds; Carbohydrates and carbohydrate conjugates; Alcohols and polyols; Phenols; Benzoic acids and derivatives; Tannins; Ethers; Phenylpropanoids and polyketides; Organic acids and derivatives; Carboxylic acids and derivatives; Benzoyl derivatives; Organooxygen compounds; Pyrogallols and derivatives; Carboxylic acid derivatives; Carboxylic acid esters; Hydroxybenzoic acid derivatives; Gallic acid and derivatives; Benzenetriols and derivatives; Benzoic acid esters; Monosaccharides; Acetals; Secondary alcohols; Carbonyl compounds; Oxanes; Benzene and substituted derivatives; Polyols; Benzenoids; Galloyl esters; Enoate esters; Alpha,beta-unsaturated carboxylic esters; Organic oxides; Oxacyclic compounds; Hydrocarbon derivatives; Organic oxygen compounds; 1-hydroxy-2-unsubstituted benzenoids; 1-hydroxy-4-unsubstituted benzenoids; m-Hydroxybenzoic acid esters; p-Hydroxybenzoic acid esters; p-Hydroxybenzoic acid alkyl esters; Chemical entities",579.170,358,5.964,658893394555709858,658893000278545017,3130,
1,C22H22O12,[M + H]+,C22H23O12+,Shikimates and Phenylpropanoids,1.000,Flavonoids,0.998,Flavonols,0.955,Phenylpropanoids and polyketides,0.998,Flavonoids,0.993,Flavonoid glycosides,0.984,Flavonoid O-glycosides,0.981,Flavonoid-3-O-glycosides,0.843,Organic compounds; Organoheterocyclic compounds; Carbohydrates and carbohydrate conjugates; Pyrans; Benzopyrans; Alkyl aryl ethers; Alcohols and polyols; Phenols; Anisoles; Chromones; Methoxyphenols; Ethers; Phenylpropanoids and polyketides; Organic acids and derivatives; Primary alcohols; Organooxygen compounds; Flavonoids; Pyranones and derivatives; Flavonoid glycosides; Hexoses; Monosaccharides; Flavonoid O-glycosides; Flavones; Acetals; Secondary alcohols; Oxanes; Glycosyl compounds; O-glycosyl compounds; Benzene and substituted derivatives; Polyols; Phenol ethers; Benzenoids; O-methylated flavonoids; 3'-O-methylated flavonoids; 4'-hydroxyflavonoids; Hydroxyflavonoids; 5-hydroxyflavonoids; 7-hydroxyflavonoids; 1-benzopyrans; Flavonoid-3-O-glycosides; Vinylogous acids; Organic oxides; Methoxybenzenes; Oxacyclic compounds; Heteroaromatic compounds; Hydrocarbon derivatives; Organic oxygen compounds; 1-hydroxy-2-unsubstituted benzenoids; 1-hydroxy-4-unsubstituted benzenoids; Phenoxy compounds; Chemical entities,479.118,358,5.967,658893427380335924,658893000328876670,3139,
1,C28H32O16,[M + H]+,C28H33O16+,Shikimates and Phenylpropanoids,1.000,Flavonoids,1.000,Flavonols,0.995,Phenylpropanoids and polyketides,1.000,Flavonoids,0.998,Flavonoid glycosides,0.994,Flavonoid O-glycosides,0.993,Flavonoid-3-O-glycosides,0.940,Organic compounds; Organoheterocyclic compounds; Carbohydrates and carbohydrate conjugates; Pyrans; Benzopyrans; Alkyl aryl ethers; Alcohols and polyols; Phenols; Anisoles; Chromones; Methoxyphenols; Ethers; Phenylpropanoids and polyketides; Organic acids and derivatives; Organooxygen compounds; Flavonoids; Pyranones and derivatives; Flavonoid glycosides; Disaccharides; Flavonoid O-glycosides; Flavones; Acetals; Secondary alcohols; Oxanes; Glycosyl compounds; O-glycosyl compounds; Benzene and substituted derivatives; Polyols; Phenol ethers; Benzenoids; O-methylated flavonoids; 3'-O-methylated flavonoids; 4'-hydroxyflavonoids; Hydroxyflavonoids; 5-hydroxyflavonoids; 7-hydroxyflavonoids; 1-benzopyrans; Flavonoid-3-O-glycosides; Vinylogous acids; Organic oxides; Methoxybenzenes; Oxacyclic compounds; Heteroaromatic compounds; Hydrocarbon derivatives; Organic oxygen compounds; 1-hydroxy-2-unsubstituted benzenoids; 1-hydroxy-4-unsubstituted benzenoids; Phenoxy compounds; Chemical entities,625.176,358,5.967,658893385667978340,658893000383402627,3140,
1,C21H20O11,[M + H]+,C21H21O11+,Shikimates and Phenylpropanoids,1.000,Flavonoids,0.998,Flavonols,0.964,Phenylpropanoids and polyketides,0.998,Flavonoids,0.995,Flavonoid glycosides,0.994,Flavonoid O-glycosides,0.992,Flavonoid-3-O-glycosides,0.859,Organic compounds; Organoheterocyclic compounds; Carbohydrates and carbohydrate conjugates; Pyrans; Benzopyrans; Alcohols and polyols; Phenols; Chromones; Ethers; Phenylpropanoids and polyketides; Organic acids and derivatives; Primary alcohols; Organooxygen compounds; Flavonoids; Pyranones and derivatives; Flavonoid glycosides; Hexoses; Monosaccharides; Flavonoid O-glycosides; Flavones; Acetals; Secondary alcohols; Oxanes; Glycosyl compounds; O-glycosyl compounds; Benzene and substituted derivatives; Polyols; Benzenoids; 4'-hydroxyflavonoids; Hydroxyflavonoids; 5-hydroxyflavonoids; 7-hydroxyflavonoids; 1-benzopyrans; Flavonoid-3-O-glycosides; Vinylogous acids; Organic oxides; Oxacyclic compounds; Heteroaromatic compounds; Hydrocarbon derivatives; Organic oxygen compounds; 1-hydroxy-2-unsubstituted benzenoids; 1-hydroxy-4-unsubstituted benzenoids; Chemical entities,449.108,367,6.115,658893381431730176,658893000437928584,3167,
2,C21H20O13,[M - H2O + H]+,C21H19O12+,Shikimates and Phenylpropanoids,1.000,Flavonoids,0.999,Flavonols,0.996,Phenylpropanoids and polyketides,0.992,Flavonoids,0.995,Flavonoid glycosides,0.989,Flavonoid O-glycosides,0.989,Flavonoid-3-O-glycosides,0.856,Organic compounds; Organoheterocyclic compounds; Carbohydrates and carbohydrate conjugates; Pyrans; Benzopyrans; Alcohols and polyols; Phenols; Chromones; Ethers; Phenylpropanoids and polyketides; Organic acids and derivatives; Primary alcohols; Organooxygen compounds; Flavonoids; Pyrogallols and derivatives; Pyranones and derivatives; Flavonoid glycosides; Benzenetriols and derivatives; Hexoses; Monosaccharides; Flavonoid O-glycosides; Flavones; Acetals; Secondary alcohols; Oxanes; Glycosyl compounds; O-glycosyl compounds; Benzene and substituted derivatives; Polyols; Benzenoids; 3'-hydroxyflavonoids; 4'-hydroxyflavonoids; Hydroxyflavonoids; 5-hydroxyflavonoids; 7-hydroxyflavonoids; 1-benzopyrans; Flavonoid-3-O-glycosides; Vinylogous acids; Organic oxides; Oxacyclic compounds; Heteroaromatic compounds; Hydrocarbon derivatives; Organic oxygen compounds; 1-hydroxy-2-unsubstituted benzenoids; 1-hydroxy-4-unsubstituted benzenoids; Chemical entities,463.086,376,6.272,658893587162348464,658893000454705805,3199,
3,C21H28O13,[M - H4O2 + H]+,C21H25O11+,Terpenoids,0.737,Monoterpenoids,0.722,Iridoids monoterpenoids,0.635,Lipids and lipid-like molecules,0.982,Prenol lipids,0.341,Terpene glycosides,0.585,Iridoid O-glycosides,0.563,Iridoid O-glycosides,0.563,"Organic compounds; Organoheterocyclic compounds; Carbohydrates and carbohydrate conjugates; Lipids and lipid-like molecules; Styrenes; Coumaric acids and derivatives; Alcohols and polyols; Phenols; Ethers; Phenylpropanoids and polyketides; Organic acids and derivatives; Carboxylic acids and derivatives; Primary alcohols; Organooxygen compounds; Fatty acid esters; Dicarboxylic acids and derivatives; Coumaric acid esters; Cinnamic acids and derivatives; Carboxylic acid derivatives; Carboxylic acid esters; Hydroxycinnamic acids and derivatives; Monosaccharides; Iridoids and derivatives; Acetals; Secondary alcohols; Carbonyl compounds; Oxanes; Terpene glycosides; Glycosyl compounds; O-glycosyl compounds; Benzene and substituted derivatives; Polyols; Benzenoids; Hydroxycinnamic acid esters; Cinnamic acid esters; Enoate esters; Alpha,beta-unsaturated carboxylic esters; Fatty Acyls; Organic oxides; Iridoid O-glycosides; Oxacyclic compounds; Hydrocarbon derivatives; Organic oxygen compounds; 1-hydroxy-2-unsubstituted benzenoids; Chemical entities",453.139,392,6.531,658893388314584540,658893000471483026,3250,
